1,1,1,1,Gavin Andresen,rpc.cpp,520921972ff649f75f461bb3ecc86979a01aa1dd,modified,2011-01-05T14:52:52Z,2017-03-25 02:31:13,2017-03-25 02:31:13
2,1,2,2,Gavin Andresen,rpc.cpp,fa9bda773cfcca4069dac253cca8e3cde8396739,modified,2011-01-07T19:10:08Z,2017-03-25 02:31:14,2017-03-25 02:31:14
3,1,3,2,Gavin Andresen,rpc.cpp,a020ee9bc533ffe3546e588282a368282ef8ccbd,modified,2011-01-10T18:54:39Z,2017-03-25 02:31:14,2017-03-25 02:31:14
4,1,4,4,Pieter Wuille,src/main.cpp,bd8f29c09b4cd45539ab3058504fafea267adf8e,modified,2011-05-25T19:30:14Z,2017-03-25 02:31:15,2017-03-25 02:31:15
5,1,5,5,Pieter Wuille,src/init.cpp,0e2113e7cbed3e86671834c1098558b3b80f2c74,modified,2011-06-11T22:29:05Z,2017-03-25 02:31:15,2017-03-25 02:31:15
6,1,5,5,Pieter Wuille,src/main.h,436ffbecbd1d371f560de14ea926f80b3d820ea1,modified,2011-06-11T22:29:05Z,2017-03-25 02:31:15,2017-03-25 02:31:15
7,1,5,5,Pieter Wuille,src/net.cpp,ca6380fc76e90b97cfd1de26b89f44530bedadc8,modified,2011-06-11T22:29:05Z,2017-03-25 02:31:15,2017-03-25 02:31:15
8,1,5,5,Pieter Wuille,src/net.h,8a55856eed18537526adc4ed58eddf40fbc39b24,modified,2011-06-11T22:29:05Z,2017-03-25 02:31:15,2017-03-25 02:31:15
9,1,5,5,Pieter Wuille,src/util.h,cd0761ee3926b843c5d1f2f75e597f2f0bce1d49,modified,2011-06-11T22:29:05Z,2017-03-25 02:31:15,2017-03-25 02:31:15
10,1,6,6,Matt Corallo,src/net.cpp,c884e8d5e7452b027da555f06eaf99741ec9cfe8,modified,2011-06-06T22:54:41Z,2017-03-25 02:32:26,2017-03-25 02:32:26
11,1,7,7,Wladimir J. van der Laan,src/wallet.cpp,eab58aaafb355eecaacfba807d644d16d20abbcc,modified,2011-06-26T17:30:13Z,2017-03-25 02:32:27,2017-03-25 02:32:27
12,1,7,7,Wladimir J. van der Laan,src/wallet.h,69110a4afa9018e980e0daf666d2ce57b7fff019,modified,2011-06-26T17:30:13Z,2017-03-25 02:32:27,2017-03-25 02:32:27
13,1,8,8,Stéphane Gimenez,src/rpc.cpp,1a72c7979c04df7ca335715ac1141f0dee4e4295,modified,2011-08-10T13:28:02Z,2017-03-25 02:32:27,2017-03-25 02:32:27
14,1,9,8,Stéphane Gimenez,src/ui.cpp,a098465c476e078b2a2a5b13ae0e7d2ed4bca146,modified,2011-08-10T13:28:02Z,2017-03-25 02:32:28,2017-03-25 02:32:28
15,1,9,8,Stéphane Gimenez,src/ui.h,cb0f29539173091fb7c19a6ec11f74c8bdde74bb,modified,2011-08-10T13:28:02Z,2017-03-25 02:32:28,2017-03-25 02:32:28
16,1,10,8,Stéphane Gimenez,src/wallet.cpp,c81537bafa9177b76e041e4946d4c80d17b6543c,modified,2011-08-10T13:28:02Z,2017-03-25 02:32:28,2017-03-25 02:32:28
17,1,11,9,somebadger,src/net.cpp,c6a65cea094c3ea718ace3ace52dc8b557faec80,modified,2011-07-06T05:01:06Z,2017-03-25 02:33:40,2017-03-25 02:33:40
18,1,12,9,somebadger,src/util.h,5831c129c6db4b92801f4321ec79abd315817de8,modified,2011-07-06T05:06:12Z,2017-03-25 02:33:40,2017-03-25 02:33:40
19,1,13,10,Gavin Andresen,src/main.cpp,dce26d3599332ff93a1b757ab85c9359ac64daae,modified,2011-09-05T18:33:07Z,2017-03-25 02:33:41,2017-03-25 02:33:41
20,1,14,11,Luke Dashjr,src/bitcoinrpc.cpp,6e2eac5a7ef45d6febf9312fa5409326e29aee74,modified,2011-10-06T16:47:28Z,2017-03-25 02:33:41,2017-03-25 02:33:41
21,1,15,12,cjdelisle,src/makefile.unix,5f841ea0feacde03628700024bcdd1501621f59a,modified,2011-10-17T00:38:23Z,2017-03-25 02:33:41,2017-03-25 02:33:41
22,1,16,13,Wladimir J. van der Laan,src/bitcoinrpc.cpp,24864030c1b1ab78a398baac99a1e2f6ceeaa932,modified,2011-11-12T13:14:27Z,2017-03-25 02:34:52,2017-03-25 02:34:52
23,1,17,14,Jeff Garzik,src/main.cpp,c9368cf7ffac5c84967e348bb572219ae28aad4d,modified,2012-04-13T22:24:55Z,2017-03-25 02:34:53,2017-03-25 02:34:53
24,1,18,15,Jeff Garzik,src/bitcoinrpc.cpp,f0d27fad99576997bd19272639a02779f45a84e8,modified,2012-04-15T20:47:24Z,2017-03-25 02:34:53,2017-03-25 02:34:53
25,1,18,15,Jeff Garzik,src/irc.cpp,d535f59c4c9e65b154dd0628e7d2bdf16610b50f,modified,2012-04-15T20:47:24Z,2017-03-25 02:34:53,2017-03-25 02:34:53
26,1,18,15,Jeff Garzik,src/net.cpp,fb88891ad2bb792e3b169b3aa1f9ec81af547217,modified,2012-04-15T20:47:24Z,2017-03-25 02:34:53,2017-03-25 02:34:53
27,1,19,15,Jeff Garzik,src/addrman.cpp,11dd2a7b7dfcea62e07a179aea99243d737b4262,modified,2012-04-15T20:52:09Z,2017-03-25 02:34:54,2017-03-25 02:34:54
28,1,19,15,Jeff Garzik,src/bitcoinrpc.cpp,9fafee320b8c115c9530344a9c4a14d3595df4b4,modified,2012-04-15T20:52:09Z,2017-03-25 02:34:54,2017-03-25 02:34:54
29,1,19,15,Jeff Garzik,src/main.cpp,5e5433ae35621fb6311b9df2f8fba6c5e6d2d2b7,modified,2012-04-15T20:52:09Z,2017-03-25 02:34:54,2017-03-25 02:34:54
30,1,19,15,Jeff Garzik,src/main.h,c48252fbc47b7ff9f0c05fc04b2f86376db07aa8,modified,2012-04-15T20:52:09Z,2017-03-25 02:34:54,2017-03-25 02:34:54
31,1,19,15,Jeff Garzik,src/net.cpp,7d621ac5949bec0f7b191a347751d96f14abe924,modified,2012-04-15T20:52:09Z,2017-03-25 02:34:54,2017-03-25 02:34:54
32,1,19,15,Jeff Garzik,src/netbase.cpp,45fdca571fb370046932921619ad63968ef0d897,modified,2012-04-15T20:52:09Z,2017-03-25 02:34:54,2017-03-25 02:34:54
33,1,19,15,Jeff Garzik,src/protocol.cpp,06306cf8e1e97c87179046ccc24808749f06de58,modified,2012-04-15T20:52:09Z,2017-03-25 02:34:54,2017-03-25 02:34:54
34,1,19,15,Jeff Garzik,src/uint256.h,309c1f7995dd6fec1e048f9a8bee66f983f5b9bd,modified,2012-04-15T20:52:09Z,2017-03-25 02:34:54,2017-03-25 02:34:54
35,1,19,15,Jeff Garzik,src/wallet.cpp,9f531082a9576487c36829cd8029305b00586fd9,modified,2012-04-15T20:52:09Z,2017-03-25 02:34:54,2017-03-25 02:34:54
36,1,19,15,Jeff Garzik,src/wallet.h,b1ee40ab905f953babab0eae88c3a63b692dc351,modified,2012-04-15T20:52:09Z,2017-03-25 02:34:54,2017-03-25 02:34:54
37,1,20,15,Jeff Garzik,src/netbase.cpp,8b30ffc140e18fce7b3dd89a4b50f88cedfb76d8,modified,2012-04-15T20:58:32Z,2017-03-25 02:34:54,2017-03-25 02:34:54
38,1,20,15,Jeff Garzik,src/netbase.h,6a257cf9fa5fb853a1351d4881830c0a521c96dd,modified,2012-04-15T20:58:32Z,2017-03-25 02:34:54,2017-03-25 02:34:54
39,1,21,15,Jeff Garzik,src/serialize.h,5fb3aa688840c0acb709cbdd9d062d1b79119ecd,modified,2012-04-15T20:59:09Z,2017-03-25 02:36:06,2017-03-25 02:36:06
40,1,22,15,Jeff Garzik,src/net.h,343e77a7827150fd0794c3d9bc5d9287d6f2a866,modified,2012-04-15T20:59:48Z,2017-03-25 02:36:06,2017-03-25 02:36:06
41,1,23,15,Jeff Garzik,src/base58.h,90ce34b05b50c7d700d314b6c51e9338bc0ea016,modified,2012-04-15T21:00:20Z,2017-03-25 02:36:06,2017-03-25 02:36:06
42,1,23,15,Jeff Garzik,src/crypter.cpp,2501305edc2b3ba55b9f08fe0b2a8c9b9d6165cf,modified,2012-04-15T21:00:20Z,2017-03-25 02:36:06,2017-03-25 02:36:06
43,1,23,15,Jeff Garzik,src/key.h,8f220f1c753d7766ebd8290fbaca6440e6776eb9,modified,2012-04-15T21:00:20Z,2017-03-25 02:36:06,2017-03-25 02:36:06
44,1,24,16,Philip Kaufmann,doc/assets-attribution.txt,c36597682f91c07591fe3c7748f3bb2894b61367,modified,2012-06-30T14:03:22Z,2017-03-25 02:36:07,2017-03-25 02:36:07
45,1,24,16,Philip Kaufmann,src/qt/res/images/splash2.jpg,912257e494b6b6446209c18284a6b19b29dc8c59,modified,2012-06-30T14:03:22Z,2017-03-25 02:36:07,2017-03-25 02:36:07
46,1,25,17,cardpuncher,src/qt/forms/addressbookpage.ui,8f2908aecc7203d17002dbfc29d05b65a0540a03,modified,2012-06-30T16:21:57Z,2017-03-25 02:36:07,2017-03-25 02:36:07
47,1,26,18,Jonas Schnelli,src/util.cpp,4c9b897f5752311c333e0f141f122a09b8c6a1a0,modified,2013-05-02T16:55:25Z,2017-03-25 02:37:18,2017-03-25 02:37:18
48,1,27,19,David Hill,src/checkpoints.cpp,926949e06a3c2ffbccfec6d46df1ec76539dbc86,modified,2014-05-13T20:38:36Z,2017-03-25 02:37:19,2017-03-25 02:37:19
49,1,28,20,Tom Harding,src/main.cpp,1294e5b2ed8bfa3c75acc811b4ad1528604dea59,modified,2014-07-01T21:37:10Z,2017-03-25 02:37:19,2017-03-25 02:37:19
50,1,29,20,Tom Harding,src/init.cpp,6c0898c036d4ea6f5699c64a8949c75ac851c624,modified,2014-07-02T16:27:29Z,2017-03-25 02:37:20,2017-03-25 02:37:20
51,1,29,20,Tom Harding,src/main.cpp,7baf33c39f9ba6b090874dfce7d6290436d28318,modified,2014-07-02T16:27:29Z,2017-03-25 02:37:20,2017-03-25 02:37:20
52,1,29,20,Tom Harding,src/main.h,26450bb7212c5fd7705eb66f63d1c926dd1e3d2a,modified,2014-07-02T16:27:29Z,2017-03-25 02:37:20,2017-03-25 02:37:20
53,1,30,21,Alex Morcos,src/txmempool.cpp,0725441fba3fe58c72f8a6c6e19294b15971f6d0,modified,2014-07-28T01:41:13Z,2017-03-25 02:37:20,2017-03-25 02:37:20
54,1,31,21,Alex Morcos,src/txmempool.cpp,a06de7a947380ac1836fd379cd971e27b95bad37,modified,2014-07-28T14:52:54Z,2017-03-25 02:38:32,2017-03-25 02:38:32
55,1,32,21,Alex Morcos,src/txmempool.cpp,29924fff09c24abfbc1df7f845fdb13cb26cf1d6,modified,2014-07-29T17:58:08Z,2017-03-25 02:38:32,2017-03-25 02:38:32
56,1,33,22,Jeff Garzik,src/script.h,c74ae37598027551451e54d276034c7e8581c33a,modified,2014-07-29T15:24:26Z,2017-03-25 02:38:33,2017-03-25 02:38:33
57,1,34,23,Wladimir J. van der Laan,src/coins.h,ff60288163b222255b2a6474fb454a1ed16d8b0b,modified,2014-08-07T07:28:37Z,2017-03-25 02:38:33,2017-03-25 02:38:33
58,1,35,24,Wladimir J. van der Laan,src/net.cpp,ec58f84b06870efe13638833a70692cbf2aa16e8,modified,2014-08-13T10:00:30Z,2017-03-25 02:38:34,2017-03-25 02:38:34
59,1,36,25,Jeff Garzik,src/univalue/univalue.cpp,b0171e48c41d5b4f871298dcfa49f7cdd6675030,modified,2014-08-20T04:27:42Z,2017-03-25 02:39:44,2017-03-25 02:39:44
60,1,37,25,Jeff Garzik,src/univalue/univalue_write.cpp,042091a8274ae34dfd877004c01295bec72291fd,modified,2014-08-20T04:27:49Z,2017-03-25 02:39:45,2017-03-25 02:39:45
61,1,38,25,Jeff Garzik,src/Makefile.test.include,bf6534cf39f05ba0c39c2d4ed00e2ddb60ff0988,modified,2014-08-20T04:28:46Z,2017-03-25 02:39:45,2017-03-25 02:39:45
62,1,38,25,Jeff Garzik,src/test/univalue_tests.cpp,25d1df34314f4f54c23471fc3b687edc607c3dd5,added,2014-08-20T04:28:46Z,2017-03-25 02:39:45,2017-03-25 02:39:45
63,1,39,25,Jeff Garzik,src/test/univalue_tests.cpp,23bc5f6b1265b35284f0e2a2665046afffa895b0,modified,2014-08-20T05:09:21Z,2017-03-25 02:39:46,2017-03-25 02:39:46
64,1,40,26,Wladimir J. van der Laan,src/init.cpp,0a6b5abac592b30efc97c63a5a91ad04e61753b8,modified,2014-09-18T12:20:18Z,2017-03-25 02:39:46,2017-03-25 02:39:46
65,1,40,26,Wladimir J. van der Laan,src/net.cpp,ebb103b6362d8f07bb064274f0b83edecd90b7d7,modified,2014-09-18T12:20:18Z,2017-03-25 02:39:46,2017-03-25 02:39:46
66,1,41,27,21E14,src/main.cpp,cd4bfbfb924583a0c2c855f458ab66c9301460cb,modified,2014-11-22T05:12:41Z,2017-03-25 02:40:57,2017-03-25 02:40:57
67,1,42,28,Pieter Wuille,src/main.cpp,36af1c28277c99798b389ecd4e884691234feee7,modified,2014-10-29T15:08:13Z,2017-03-25 02:40:58,2017-03-25 02:40:58
68,1,43,29,Ruben Dario Ponticelli,src/main.cpp,bf487df39f3e8204b0c84d2753cde9f631824f3e,modified,2014-10-28T21:16:52Z,2017-03-25 02:40:58,2017-03-25 02:40:58
69,1,44,29,Ruben Dario Ponticelli,src/main.cpp,0fd8065342e13612c92f88416cb4e88c239d80e5,modified,2014-11-07T11:09:31Z,2017-03-25 02:40:59,2017-03-25 02:40:59
70,1,45,30,Matt Corallo,src/main.cpp,0506a7f598c37b91b65cbe477483804de590648a,modified,2014-10-30T00:01:01Z,2017-03-25 02:40:59,2017-03-25 02:40:59
71,1,46,30,Matt Corallo,src/main.cpp,238b0400ea0ec9c1c162f429db019f07e47aa7f6,modified,2014-10-30T00:01:18Z,2017-03-25 02:42:11,2017-03-25 02:42:11
72,1,47,30,Matt Corallo,src/main.cpp,5302f0bcb4575cf758b29ae39e88ab85279c7736,modified,2014-10-30T00:02:48Z,2017-03-25 02:42:11,2017-03-25 02:42:11
73,1,48,31,21E14,src/main.cpp,1ba17614df19e341f77d9bd6d9ad33f1d93fa6c9,modified,2014-11-12T05:35:24Z,2017-03-25 02:42:11,2017-03-25 02:42:11
74,1,49,32,Matt Corallo,src/init.cpp,afcfdb0621363f5db2c4186f6e6731529a0b58a8,modified,2014-12-21T03:11:51Z,2017-03-25 02:42:12,2017-03-25 02:42:12
75,1,50,33,Matt Corallo,src/main.cpp,3a2c167e805e0a0863eeca1fef628567b7bb07f4,modified,2014-12-08T22:05:42Z,2017-03-25 02:42:12,2017-03-25 02:42:12
76,1,51,33,Matt Corallo,src/main.cpp,9e1c41ada7c9b80adfac61cdff43c97ccf62a619,modified,2014-12-08T22:05:42Z,2017-03-25 02:43:23,2017-03-25 02:43:23
77,1,51,33,Matt Corallo,src/txmempool.cpp,ff04a8ad9ae939d909b7177bd7a82f5d5c695cf7,modified,2014-12-08T22:05:42Z,2017-03-25 02:43:23,2017-03-25 02:43:23
78,1,51,33,Matt Corallo,src/txmempool.h,f671352b58552d68c68f787bf787f27b91bee77f,modified,2014-12-08T22:05:42Z,2017-03-25 02:43:23,2017-03-25 02:43:23
79,1,52,33,Matt Corallo,src/txmempool.cpp,6ecd64636b4968835c7aeb33e2cb1d36e235474c,modified,2014-12-08T22:05:42Z,2017-03-25 02:43:24,2017-03-25 02:43:24
80,1,53,33,Matt Corallo,src/txmempool.cpp,840eb536baa01157010dc88d10bcd78570cf0d2a,modified,2014-12-08T22:09:58Z,2017-03-25 02:43:24,2017-03-25 02:43:24
81,1,54,33,Matt Corallo,qa/pull-tester/rpc-tests.sh,d6ee00bb7df06a310ae270f5e6c64835a64072ba,modified,2014-12-08T22:09:58Z,2017-03-25 02:43:25,2017-03-25 02:43:25
82,1,54,33,Matt Corallo,qa/rpc-tests/mempool_coinbase_spends.py,7b43712768bf6eca4f309eb40030f019f729b463,added,2014-12-08T22:09:58Z,2017-03-25 02:43:25,2017-03-25 02:43:25
83,1,55,34,Daniel Kraft,src/main.cpp,ac5d42d5fcc291eb309e8d8f480c61e06fa926bc,modified,2014-11-20T07:28:19Z,2017-03-25 02:43:25,2017-03-25 02:43:25
84,1,56,35,Pieter Wuille,src/main.cpp,db8ba3e37b5c890e665471a9c34f805da69e23d3,modified,2014-11-26T22:01:42Z,2017-03-25 02:44:36,2017-03-25 02:44:36
85,1,57,36,Pavel Janík,src/rpcrawtransaction.cpp,4a1af2207a29d398ecb021bc5d4af364b9df2c5e,modified,2014-12-11T15:06:23Z,2017-03-25 02:44:37,2017-03-25 02:44:37
86,1,58,37,Cory Fields,src/rpcserver.cpp,210c7fe9733a7f877ea8eb221bdf63f34fc38f8d,modified,2014-12-29T20:20:09Z,2017-03-25 02:44:37,2017-03-25 02:44:37
87,1,59,38,Pieter Wuille,src/init.cpp,d6f1e1cb9f9a8d34d06a6ce665bd6552115b7b00,modified,2015-01-08T14:51:15Z,2017-03-25 02:44:38,2017-03-25 02:44:38
88,1,60,39,Philip Kaufmann,src/qt/paymentserver.cpp,0187e4c2299fca04d6e1bc7cc5934227c23d4d54,modified,2015-01-15T08:08:22Z,2017-03-25 02:44:38,2017-03-25 02:44:38
89,1,60,39,Philip Kaufmann,src/qt/paymentserver.h,db5f44ff1dfd8e5a444e4a2cec1058d4639df3fb,modified,2015-01-15T08:08:22Z,2017-03-25 02:44:38,2017-03-25 02:44:38
90,1,60,39,Philip Kaufmann,src/qt/sendcoinsdialog.cpp,ce4a62d1b0761bd8ab5e6b7797ebf30444bb73ce,modified,2015-01-15T08:08:22Z,2017-03-25 02:44:38,2017-03-25 02:44:38
91,1,60,39,Philip Kaufmann,src/qt/test/paymentrequestdata.h,50636d7c67f770132c5591a68aa44995d2a8f100,modified,2015-01-15T08:08:22Z,2017-03-25 02:44:38,2017-03-25 02:44:38
92,1,60,39,Philip Kaufmann,src/qt/test/paymentservertests.cpp,04935192c85fa97bb51b445686903d9d895b9063,modified,2015-01-15T08:08:22Z,2017-03-25 02:44:38,2017-03-25 02:44:38
93,1,60,39,Philip Kaufmann,src/qt/walletmodel.cpp,57596b77bd771eb6443b92e780ed75b60de2200d,modified,2015-01-15T08:08:22Z,2017-03-25 02:44:38,2017-03-25 02:44:38
94,1,60,39,Philip Kaufmann,src/qt/walletmodel.h,9916d11f93995175632ad456db4400e2088a6102,modified,2015-01-15T08:08:22Z,2017-03-25 02:44:38,2017-03-25 02:44:38
95,1,61,40,Gregory Maxwell,src/leveldbwrapper.cpp,7690023fdda7e06549c94f14f417c5078435cda7,modified,2015-01-08T15:49:37Z,2017-03-25 02:45:49,2017-03-25 02:45:49
96,1,62,41,fsb4000,src/rpcmisc.cpp,c54b92cc962780b7625e0639c89ca14de8ff46b9,modified,2015-01-25T12:11:57Z,2017-03-25 02:45:50,2017-03-25 02:45:50
97,1,63,42,Wladimir J. van der Laan,src/script/interpreter.h,ce2badb8524d54c5ab840e7830dd480f84696305,modified,2015-01-27T06:50:42Z,2017-03-25 02:45:50,2017-03-25 02:45:50
98,1,64,43,Pieter Wuille,src/bitcoin-tx.cpp,ff409d741b4a5c442bce7f79bee6e3d9a89b742a,modified,2015-02-03T04:19:12Z,2017-03-25 02:45:51,2017-03-25 02:45:51
99,1,64,43,Pieter Wuille,src/main.cpp,702358cf9406ad97632a264906151f4239ab9581,modified,2015-02-03T04:19:12Z,2017-03-25 02:45:51,2017-03-25 02:45:51
100,1,64,43,Pieter Wuille,src/rpcrawtransaction.cpp,07ddcc5026beffba30f5bf1ca49d67a3d3ef6809,modified,2015-02-03T04:19:12Z,2017-03-25 02:45:51,2017-03-25 02:45:51
101,1,64,43,Pieter Wuille,src/script/bitcoinconsensus.cpp,5e1f4735314c8eb2d0c92ef151a6ecc152809849,modified,2015-02-03T04:19:12Z,2017-03-25 02:45:51,2017-03-25 02:45:51
102,1,64,43,Pieter Wuille,src/script/interpreter.cpp,b1cf028c54db84dca13a5474a7c8fd6a2c4f1a27,modified,2015-02-03T04:19:12Z,2017-03-25 02:45:51,2017-03-25 02:45:51
103,1,64,43,Pieter Wuille,src/script/interpreter.h,063a072368818808ececb8dabdc63ba4bcc307be,modified,2015-02-03T04:19:12Z,2017-03-25 02:45:51,2017-03-25 02:45:51
104,1,64,43,Pieter Wuille,src/script/sigcache.cpp,099b4ad0e315d13b506960a485bc63899bf56a0b,modified,2015-02-03T04:19:12Z,2017-03-25 02:45:51,2017-03-25 02:45:51
105,1,64,43,Pieter Wuille,src/script/sigcache.h,6c5bba2c0126b61c82bd2908dec9572a5b602181,modified,2015-02-03T04:19:12Z,2017-03-25 02:45:51,2017-03-25 02:45:51
106,1,64,43,Pieter Wuille,src/script/sign.cpp,d76466b7036069fd48e60325275f62a43e6cf6e7,modified,2015-02-03T04:19:12Z,2017-03-25 02:45:51,2017-03-25 02:45:51
107,1,64,43,Pieter Wuille,src/test/multisig_tests.cpp,dcc8bf887cb3acb960ec6787592f695aee757d4f,modified,2015-02-03T04:19:12Z,2017-03-25 02:45:51,2017-03-25 02:45:51
108,1,64,43,Pieter Wuille,src/test/script_P2SH_tests.cpp,6ec301ce40c933884859d1acab35edd5515c227c,modified,2015-02-03T04:19:12Z,2017-03-25 02:45:51,2017-03-25 02:45:51
109,1,64,43,Pieter Wuille,src/test/script_tests.cpp,6bbc3e41c1032ce319561c8eff72fbf3bf7f41a8,modified,2015-02-03T04:19:12Z,2017-03-25 02:45:51,2017-03-25 02:45:51
110,1,64,43,Pieter Wuille,src/test/transaction_tests.cpp,04a79caf02083a84be2f67c5260307333d4ccc31,modified,2015-02-03T04:19:12Z,2017-03-25 02:45:51,2017-03-25 02:45:51
111,1,65,43,Pieter Wuille,src/bitcoin-tx.cpp,c1622cf5d3e60f31a4c8ca6d09c39d2fe4090014,modified,2015-02-03T04:19:46Z,2017-03-25 02:45:51,2017-03-25 02:45:51
112,1,65,43,Pieter Wuille,src/main.cpp,57b44baac5d989421e59949c6fa4e6e7ad094066,modified,2015-02-03T04:19:46Z,2017-03-25 02:45:51,2017-03-25 02:45:51
113,1,65,43,Pieter Wuille,src/rpcrawtransaction.cpp,a3b0e47d00f39b68d359ec01a7878083f10cc3d5,modified,2015-02-03T04:19:46Z,2017-03-25 02:45:51,2017-03-25 02:45:51
114,1,65,43,Pieter Wuille,src/script/bitcoinconsensus.cpp,b0d5faaf777f359c8289fd4cc2dcd42a1826bda3,modified,2015-02-03T04:19:46Z,2017-03-25 02:45:51,2017-03-25 02:45:51
115,1,65,43,Pieter Wuille,src/script/interpreter.cpp,af7c641c05f3e14192ce2ef8cfb76a2a78a4a816,modified,2015-02-03T04:19:46Z,2017-03-25 02:45:51,2017-03-25 02:45:51
116,1,65,43,Pieter Wuille,src/script/interpreter.h,fc64438f6873bc005a4688f5b231c5ebb9499b69,modified,2015-02-03T04:19:46Z,2017-03-25 02:45:51,2017-03-25 02:45:51
117,1,65,43,Pieter Wuille,src/script/sigcache.h,b299038daa34105541e006ca83492cb515db2ad2,modified,2015-02-03T04:19:46Z,2017-03-25 02:45:51,2017-03-25 02:45:51
118,1,65,43,Pieter Wuille,src/script/sign.cpp,14119f7e2cc812c4c96d057544fb7a7c8150f1b7,modified,2015-02-03T04:19:46Z,2017-03-25 02:45:51,2017-03-25 02:45:51
119,1,65,43,Pieter Wuille,src/test/multisig_tests.cpp,2168a5fef1f9fe64d6b8d2f7204a5c185b1bc8b2,modified,2015-02-03T04:19:46Z,2017-03-25 02:45:51,2017-03-25 02:45:51
120,1,65,43,Pieter Wuille,src/test/script_P2SH_tests.cpp,94f2ce1a29affb880f9114a8003e5e16cbd60f45,modified,2015-02-03T04:19:46Z,2017-03-25 02:45:51,2017-03-25 02:45:51
121,1,65,43,Pieter Wuille,src/test/script_tests.cpp,4858cf9e53158c8eb3494bcae2c64794d2d35c07,modified,2015-02-03T04:19:46Z,2017-03-25 02:45:51,2017-03-25 02:45:51
122,1,65,43,Pieter Wuille,src/test/transaction_tests.cpp,5a109cabca860313f75f714f9fc7f58a46a2ce59,modified,2015-02-03T04:19:46Z,2017-03-25 02:45:51,2017-03-25 02:45:51
123,1,66,44,Suhas Daftuar,src/checkqueue.h,7f6eae6509a3205f309036af933ea4ed98fa444b,modified,2015-02-03T13:53:08Z,2017-03-25 02:47:02,2017-03-25 02:47:02
124,1,67,45,Gregory Maxwell,src/main.cpp,43e5a2d024edeeede19713ed2c643ad51d0f67ae,modified,2015-02-08T19:58:59Z,2017-03-25 02:47:03,2017-03-25 02:47:03
125,1,67,45,Gregory Maxwell,src/net.cpp,3c3666615e11cdd3a8f5557b16d8a09f4ad36a56,modified,2015-02-08T19:58:59Z,2017-03-25 02:47:03,2017-03-25 02:47:03
126,1,67,45,Gregory Maxwell,src/rpcserver.cpp,20e9252d7ee8dfb63cba099e265a0782660e33b9,modified,2015-02-08T19:58:59Z,2017-03-25 02:47:03,2017-03-25 02:47:03
127,1,68,46,Pieter Wuille,src/net.h,e500536cb4912f5175f54868371644ceebd159f3,modified,2015-03-06T11:45:26Z,2017-03-25 02:47:03,2017-03-25 02:47:03
128,1,68,46,Pieter Wuille,src/test/main_tests.cpp,5e968c26fff90f4ed6c629666e0d9e7e91402f4a,modified,2015-03-06T11:45:26Z,2017-03-25 02:47:03,2017-03-25 02:47:03
129,1,69,47,Alex Morcos,src/main.cpp,9b4bb431283dee97de6a8a9e167f4f7ca62c60e8,modified,2015-03-12T14:15:33Z,2017-03-25 02:47:04,2017-03-25 02:47:04
130,1,70,47,Alex Morcos,qa/rpc-tests/invalidateblock.py,a8bfbe6e6c7f2ca1e3fb0acfc9933ab840dc4934,added,2015-03-12T14:15:33Z,2017-03-25 02:47:04,2017-03-25 02:47:04
131,1,71,48,Alex Morcos,qa/rpc-tests/invalidateblock.py,ccfcf00e30e286498700e8396b0351ddf6073752,modified,2015-03-13T17:11:11Z,2017-03-25 02:48:15,2017-03-25 02:48:15
132,1,71,48,Alex Morcos,src/main.cpp,5207f608969831d289fefe85d34d4bdb6bec4367,modified,2015-03-13T17:11:11Z,2017-03-25 02:48:15,2017-03-25 02:48:15
133,1,72,49,Gavin Andresen,src/Makefile.test.include,52ff3f224fb7f9017c358a2a6cb84c00209eb714,modified,2015-03-26T15:58:19Z,2017-03-25 02:48:16,2017-03-25 02:48:16
134,1,72,49,Gavin Andresen,src/test/mempool_tests.cpp,0996e13c4850c5e088e0790c635e32f82f09d30e,added,2015-03-26T15:58:19Z,2017-03-25 02:48:16,2017-03-25 02:48:16
135,1,72,49,Gavin Andresen,src/txmempool.cpp,85ea3f77b5106439d4263420b7cfa39f5f84c8b4,modified,2015-03-26T15:58:19Z,2017-03-25 02:48:16,2017-03-25 02:48:16
136,1,73,50,Alex Morcos,src/main.cpp,b04274fa2181c169b67c7c295d7323347574cbed,modified,2015-05-12T16:02:38Z,2017-03-25 02:48:16,2017-03-25 02:48:16
137,1,74,51,Gregory Maxwell,src/miner.cpp,9060d5cc4b24b803ba5f7e4a483989a745d1200f,modified,2015-04-29T00:04:02Z,2017-03-25 02:48:17,2017-03-25 02:48:17
138,1,75,52,Jonas Schnelli,src/util.cpp,37fd326f27ab058f5d56b684ec60edf9436fa31f,modified,2015-05-01T11:32:25Z,2017-03-25 02:48:17,2017-03-25 02:48:17
139,1,76,52,Jonas Schnelli,src/util.cpp,da5b259aeecb1109f846246353c930bcd75c9639,modified,2015-05-10T08:06:41Z,2017-03-25 02:49:28,2017-03-25 02:49:28
140,1,77,53,Wladimir J. van der Laan,src/miner.cpp,4bceb7d7b431f9f37e76af214e91521c78eec36b,modified,2015-05-12T12:07:43Z,2017-03-25 02:49:29,2017-03-25 02:49:29
141,1,78,54,Suhas Daftuar,src/main.cpp,f6c14dd201e807819d3079854de765aef7c4e491,modified,2015-05-14T13:10:21Z,2017-03-25 02:49:29,2017-03-25 02:49:29
142,1,79,55,Wladimir J. van der Laan,src/init.cpp,d0ce3094a5fb284be69abde900f1c3f358de1aa8,modified,2015-05-18T09:22:39Z,2017-03-25 02:49:30,2017-03-25 02:49:30
143,1,80,56,Adam Weiss,src/init.cpp,87e989f16863b39aaf00614f453980efb8e6c77b,modified,2015-05-22T18:15:22Z,2017-03-25 02:49:30,2017-03-25 02:49:30
144,1,81,57,Peter Todd,src/main.cpp,9eec21edd9f6e16a5bea906647e914179ec23acb,modified,2015-05-27T09:51:33Z,2017-03-25 02:50:41,2017-03-25 02:50:41
145,1,81,57,Peter Todd,src/main.h,b789ea95e8ef1694cff855f6467b9757ce1f558d,modified,2015-05-27T09:51:33Z,2017-03-25 02:50:41,2017-03-25 02:50:41
146,1,81,57,Peter Todd,src/miner.cpp,fb417ac628c541ee651b6298288d09a7a278ea7d,modified,2015-05-27T09:51:33Z,2017-03-25 02:50:41,2017-03-25 02:50:41
147,1,81,57,Peter Todd,src/qt/transactiondesc.cpp,5662b1665751a4f2a02611d89008739cef38d23e,modified,2015-05-27T09:51:33Z,2017-03-25 02:50:41,2017-03-25 02:50:41
148,1,81,57,Peter Todd,src/qt/transactionrecord.cpp,15d13e9fc953a098b93603d61088418ff498e8b2,modified,2015-05-27T09:51:33Z,2017-03-25 02:50:41,2017-03-25 02:50:41
149,1,81,57,Peter Todd,src/test/miner_tests.cpp,4ceda0462257f7b3b9081f79ce3b3760848cbcfa,modified,2015-05-27T09:51:33Z,2017-03-25 02:50:41,2017-03-25 02:50:41
150,1,81,57,Peter Todd,src/wallet/rpcwallet.cpp,3f55b0427334f4d2a8c5f59bb9f5317fe18c9271,modified,2015-05-27T09:51:33Z,2017-03-25 02:50:41,2017-03-25 02:50:41
151,1,81,57,Peter Todd,src/wallet/wallet.cpp,94687d289fa02f1a9b0d27a546c34bddffbbafe3,modified,2015-05-27T09:51:33Z,2017-03-25 02:50:41,2017-03-25 02:50:41
152,1,82,58,Wladimir J. van der Laan,src/netbase.cpp,b765b35eec2644457b7389ea36edfb3d1bf139c3,modified,2015-05-26T06:59:13Z,2017-03-25 02:50:42,2017-03-25 02:50:42
153,1,82,58,Wladimir J. van der Laan,src/netbase.h,1f2957116e3ed561cc420f879a2df1ab780357c0,modified,2015-05-26T06:59:13Z,2017-03-25 02:50:42,2017-03-25 02:50:42
154,1,83,58,Wladimir J. van der Laan,src/netbase.cpp,41cc18d3cd80c10e126cceb0c501644088537763,modified,2015-05-26T06:59:59Z,2017-03-25 02:50:42,2017-03-25 02:50:42
155,1,83,58,Wladimir J. van der Laan,src/test/netbase_tests.cpp,0f5e1615c63359f2452fc182502e877bea0955fb,modified,2015-05-26T06:59:59Z,2017-03-25 02:50:42,2017-03-25 02:50:42
156,1,84,59,Suhas Daftuar,src/main.cpp,dc9585b021a00ca722a1a231d971f328e3097f6f,modified,2015-06-04T17:00:26Z,2017-03-25 02:50:43,2017-03-25 02:50:43
157,1,85,60,Gavin Andresen,src/init.cpp,ac1b68de8beffd16a82dd1503746e6a41f63f7e1,modified,2015-06-08T20:34:58Z,2017-03-25 02:50:43,2017-03-25 02:50:43
158,1,85,60,Gavin Andresen,src/main.cpp,d74db2b9205d8c35fd668c95a45294b5fd40ac37,modified,2015-06-08T20:34:58Z,2017-03-25 02:50:43,2017-03-25 02:50:43
159,1,85,60,Gavin Andresen,src/main.h,2d39367fc671a5b749da4614499e6043c8e20da2,modified,2015-06-08T20:34:58Z,2017-03-25 02:50:43,2017-03-25 02:50:43
160,1,85,60,Gavin Andresen,src/test/alert_tests.cpp,38dcc6023c1969d538e9e297dde491a1bdee93b9,modified,2015-06-08T20:34:58Z,2017-03-25 02:50:43,2017-03-25 02:50:43
161,1,86,61,Philip Kaufmann,src/wallet/db.cpp,e5bc653c33413b59d6e0d36e21077b7d925f45c7,modified,2015-06-16T13:03:50Z,2017-03-25 02:51:54,2017-03-25 02:51:54
162,1,86,61,Philip Kaufmann,src/wallet/db.h,64071caa3a21efd2b7de4bf79a0cf3e579d781a2,modified,2015-06-16T13:03:50Z,2017-03-25 02:51:54,2017-03-25 02:51:54
163,1,87,62,Wladimir J. van der Laan,src/test/getarg_tests.cpp,eb61a2884d9f909f9e648bb74c04dd414814c729,modified,2015-07-27T12:47:54Z,2017-03-25 02:51:55,2017-03-25 02:51:55
164,1,87,62,Wladimir J. van der Laan,src/util.cpp,a7ec740de8c86922540b2a2d170a788ad79bdf8e,modified,2015-07-27T12:47:54Z,2017-03-25 02:51:55,2017-03-25 02:51:55
165,1,88,62,Wladimir J. van der Laan,doc/release-notes.md,db6c28972d8ec4a9c532f65af7ae75612fd5296c,modified,2015-07-27T12:55:15Z,2017-03-25 02:51:55,2017-03-25 02:51:55
166,1,89,63,Jorge Timón,src/main.cpp,a4cbe43d3bcf9e90a840a1562bfeb03eabfed4be,modified,2015-06-20T23:24:51Z,2017-03-25 02:51:56,2017-03-25 02:51:56
167,1,90,63,Jorge Timón,qa/pull-tester/rpc-tests.sh,0f394094c720345221854b14dd946f49f2bdef05,modified,2015-06-20T23:25:22Z,2017-03-25 02:51:56,2017-03-25 02:51:56
168,1,91,64,Tom Harding,qa/rpc-tests/p2p-acceptblock.py,b4be8fdc99033032cf92a2b44bfb4e9145908edf,modified,2015-07-29T01:04:25Z,2017-03-25 02:53:07,2017-03-25 02:53:07
169,1,91,64,Tom Harding,src/main.cpp,dce560f97643521662a0be89f1854fa6553d30c6,modified,2015-07-29T01:04:25Z,2017-03-25 02:53:07,2017-03-25 02:53:07
170,1,91,64,Tom Harding,src/net.h,042d78d2df6f73c40f1983975d6384b3441eee92,modified,2015-07-29T01:04:25Z,2017-03-25 02:53:07,2017-03-25 02:53:07
171,1,92,65,Wladimir J. van der Laan,src/init.cpp,de239df6b898800edf956911c174814e044660bc,modified,2015-07-01T16:01:16Z,2017-03-25 02:53:08,2017-03-25 02:53:08
172,1,92,65,Wladimir J. van der Laan,src/miner.cpp,57af2981ddf2a1aa3f89e8b4e5f10694655ff588,modified,2015-07-01T16:01:16Z,2017-03-25 02:53:08,2017-03-25 02:53:08
173,1,92,65,Wladimir J. van der Laan,src/qt/optionsdialog.cpp,87c727335eb83d902b5291e0bb26dd9abf3a939d,modified,2015-07-01T16:01:16Z,2017-03-25 02:53:08,2017-03-25 02:53:08
174,1,92,65,Wladimir J. van der Laan,src/util.cpp,bb7df23205db3ca14705935ef9a7d373b55a855b,modified,2015-07-01T16:01:16Z,2017-03-25 02:53:08,2017-03-25 02:53:08
175,1,92,65,Wladimir J. van der Laan,src/util.h,6019e25015147887c5c55cc7a3890acb88aa1de9,modified,2015-07-01T16:01:16Z,2017-03-25 02:53:08,2017-03-25 02:53:08
176,1,93,66,Pieter Wuille,src/compat.h,f88b6ce36e9fcb3f6b7b1415abf3233dac35ffb4,modified,2015-07-10T16:05:09Z,2017-03-25 02:53:08,2017-03-25 02:53:08
177,1,93,66,Pieter Wuille,src/net.cpp,3d369c7dd1eb893a22eaa2f64672d518f230ebc5,modified,2015-07-10T16:05:09Z,2017-03-25 02:53:08,2017-03-25 02:53:08
178,1,93,66,Pieter Wuille,src/netbase.cpp,b7e2e57917bb1ee39dbc1689f2ee95d6273aa1fd,modified,2015-07-10T16:05:09Z,2017-03-25 02:53:08,2017-03-25 02:53:08
179,1,94,67,Cory Fields,src/util.cpp,00d0f3a00dc9965913a8e3709e68c96af0d61750,modified,2015-07-14T21:54:04Z,2017-03-25 02:53:09,2017-03-25 02:53:09
180,1,95,68,Wladimir J. van der Laan,src/rpcserver.cpp,c5402e0dfae50caf394bb01e0e4d599a1213a268,modified,2015-07-18T07:03:59Z,2017-03-25 02:53:09,2017-03-25 02:53:09
181,1,95,68,Wladimir J. van der Laan,src/test/rpc_tests.cpp,7946b02855d38837d04c9cec390abcf18aa86be8,modified,2015-07-18T07:03:59Z,2017-03-25 02:53:09,2017-03-25 02:53:09
182,1,96,68,Wladimir J. van der Laan,qa/rpc-tests/rest.py,b0cde7268e03cc9eb5a017d2ef89256462cb766e,modified,2015-07-18T07:04:18Z,2017-03-25 02:54:20,2017-03-25 02:54:20
183,1,96,68,Wladimir J. van der Laan,src/rpcserver.cpp,201fc5eba83755953fc47b4fe1585bd54d8552fc,modified,2015-07-18T07:04:18Z,2017-03-25 02:54:20,2017-03-25 02:54:20
184,1,96,68,Wladimir J. van der Laan,src/test/univalue_tests.cpp,67cb9b9623257c93018b5ce8feec7a3e6fa33b59,modified,2015-07-18T07:04:18Z,2017-03-25 02:54:20,2017-03-25 02:54:20
185,1,96,68,Wladimir J. van der Laan,src/univalue/univalue.cpp,1d49a2cfc9e65680535e43a07b9dfdfb4cbf244a,modified,2015-07-18T07:04:18Z,2017-03-25 02:54:20,2017-03-25 02:54:20
186,1,96,68,Wladimir J. van der Laan,src/univalue/univalue.h,4742b56f3d566d50d7588b035f38fb886f762f2d,modified,2015-07-18T07:04:18Z,2017-03-25 02:54:20,2017-03-25 02:54:20
187,1,96,68,Wladimir J. van der Laan,src/univalue/univalue_write.cpp,bce3997af77c404f563c2414ecc27ebf10e77171,modified,2015-07-18T07:04:18Z,2017-03-25 02:54:20,2017-03-25 02:54:20
188,1,97,68,Wladimir J. van der Laan,src/utilstrencodings.cpp,1f7a2cae2ced7a2e70314c6367b53ffeae8ac81f,modified,2015-07-18T07:04:18Z,2017-03-25 02:54:21,2017-03-25 02:54:21
189,1,98,69,Jonas Schnelli,src/base58.h,d535491bb01c2807ff7ca69f23a7a4e08c012ae7,modified,2015-07-23T14:32:21Z,2017-03-25 02:54:21,2017-03-25 02:54:21
190,1,99,69,Jonas Schnelli,src/test/bip32_tests.cpp,69084213a2d4464dd018dcd518487996c7f97046,modified,2015-07-23T14:32:31Z,2017-03-25 02:54:22,2017-03-25 02:54:22
191,1,100,69,Jonas Schnelli,src/base58.h,90014b9496a8f887cdeee0017edaa3c5aba03d5d,modified,2015-07-25T07:51:52Z,2017-03-25 02:54:22,2017-03-25 02:54:22
192,1,101,70,Pavel Janík,src/timedata.cpp,a14d69c11664b10da8165db28cc523e14d6a87ea,modified,2015-08-11T13:57:52Z,2017-03-25 02:55:33,2017-03-25 02:55:33
193,1,102,71,Alex Morcos,src/netbase.cpp,259e5c14a3eb1d8884c6fdfdd27dba4a5a2d4134,modified,2015-08-14T19:25:19Z,2017-03-25 02:55:34,2017-03-25 02:55:34
194,1,103,71,Alex Morcos,src/test/netbase_tests.cpp,3f99dc98d931bfdde12f65b8084cd9c8114e66ad,modified,2015-08-19T21:06:42Z,2017-03-25 02:55:34,2017-03-25 02:55:34
195,1,104,72,Casey Rodarmor,src/scheduler.cpp,06115f5619753178f47f7e5a41f0208678f3f543,modified,2015-08-18T14:40:13Z,2017-03-25 02:55:35,2017-03-25 02:55:35
196,1,105,73,Cory Fields,src/ecwrapper.cpp,f94bc954fd124c3a3428759b8b61ad9b14d77d9e,modified,2015-08-19T18:25:01Z,2017-03-25 02:55:35,2017-03-25 02:55:35
197,1,106,74,Matt Corallo,qa/pull-tester/rpc-tests.sh,54e2f418e10f012decdb0ae2b9b20cc5ed6c0d81,modified,2015-08-27T23:42:14Z,2017-03-25 02:56:46,2017-03-25 02:56:46
198,1,106,74,Matt Corallo,qa/rpc-tests/mempool_reorg.py,fdbaf689ad5b223a82b632ed9af34010de0f1fb3,renamed,2015-08-27T23:42:14Z,2017-03-25 02:56:46,2017-03-25 02:56:46
199,1,107,74,Matt Corallo,src/main.cpp,84dec5a7524a758ff0236818f5cf327c8d7a4a89,modified,2015-08-27T23:42:17Z,2017-03-25 02:56:47,2017-03-25 02:56:47
200,1,107,74,Matt Corallo,src/txmempool.cpp,3eca8ce7bcd6a76cd630aa4fb4f1e74eb0f8c34b,modified,2015-08-27T23:42:17Z,2017-03-25 02:56:47,2017-03-25 02:56:47
201,1,107,74,Matt Corallo,src/txmempool.h,bd8452dbe045193d487fee406781ba48592952c5,modified,2015-08-27T23:42:17Z,2017-03-25 02:56:47,2017-03-25 02:56:47
202,1,108,74,Matt Corallo,src/txmempool.cpp,d7ad8d1049462a3c3dd5db16c0522c7f75d0fc72,modified,2015-09-06T04:40:21Z,2017-03-25 02:56:47,2017-03-25 02:56:47
203,1,109,75,Alex Morcos,src/main.cpp,0b5b52b4999b58b1a1f862b9596f6e5db8b24223,modified,2015-09-18T00:26:28Z,2017-03-25 02:56:48,2017-03-25 02:56:48
204,1,110,76,Luke Dashjr,.travis.yml,0537d69a46a15f357d8bf04d917274ffe006af73,modified,2015-09-22T00:43:09Z,2017-03-25 02:56:48,2017-03-25 02:56:48
205,1,111,76,Luke Dashjr,src/net.cpp,2519006865a452400675e484101867f4d12d98e8,modified,2015-09-22T00:43:10Z,2017-03-25 02:57:59,2017-03-25 02:57:59
206,1,111,76,Luke Dashjr,src/util.cpp,6f95742f83e55413e271016b613cf47a47d3b28c,modified,2015-09-22T00:43:10Z,2017-03-25 02:57:59,2017-03-25 02:57:59
207,1,111,76,Luke Dashjr,src/wallet/rpcwallet.cpp,bfaaaeb4c8db8922e0d6e35dd7ca151a3cfe3356,modified,2015-09-22T00:43:10Z,2017-03-25 02:57:59,2017-03-25 02:57:59
208,1,112,76,Luke Dashjr,Makefile.am,ab68d8fa6d96269d630f4771bb7757060b558c9f,modified,2015-09-22T00:43:10Z,2017-03-25 02:58:00,2017-03-25 02:58:00
209,1,113,76,Luke Dashjr,qa/rpc-tests/conflictedbalance.sh,7e4409737437a139b105a0c83e295d1de5a34acb,removed,2015-09-22T00:43:10Z,2017-03-25 02:58:01,2017-03-25 02:58:01
210,1,113,76,Luke Dashjr,qa/rpc-tests/send.sh,2d54cc6ded4233af6ddf89f80d9de9bb24e96a32,removed,2015-09-22T00:43:10Z,2017-03-25 02:58:01,2017-03-25 02:58:01
211,1,113,76,Luke Dashjr,qa/rpc-tests/util.sh,c2b7004308094ce0362fa61ae8f81250753ce20a,removed,2015-09-22T00:43:10Z,2017-03-25 02:58:01,2017-03-25 02:58:01
212,1,114,76,Luke Dashjr,qa/rpc-tests/README.md,08c67c4ef189b00969c0764311e7f0ace63e1257,modified,2015-09-22T00:43:10Z,2017-03-25 02:58:01,2017-03-25 02:58:01
213,1,115,76,Luke Dashjr,src/bitcoin-tx.cpp,40b4a38e417b6fe9c77c4931ee9b14907f0d1d0e,modified,2015-09-22T00:43:11Z,2017-03-25 02:58:02,2017-03-25 02:58:02
214,1,116,76,Luke Dashjr,src/main.cpp,9559af033c6ccd667607bc44257f780c30e4be87,modified,2015-09-22T00:43:11Z,2017-03-25 02:59:12,2017-03-25 02:59:12
215,1,116,76,Luke Dashjr,src/policy/fees.cpp,cdee541d2f27027e8c5d3a150649dc9c88f6c5aa,modified,2015-09-22T00:43:11Z,2017-03-25 02:59:12,2017-03-25 02:59:12
216,1,116,76,Luke Dashjr,src/rpcserver.cpp,a600845b58dab8538a89f9fd0f8acc8bf72d2751,modified,2015-09-22T00:43:11Z,2017-03-25 02:59:12,2017-03-25 02:59:12
217,1,116,76,Luke Dashjr,src/txmempool.cpp,c3d1b60cb6f808a3ea12f59bfbe7b1cc77e74aaf,modified,2015-09-22T00:43:11Z,2017-03-25 02:59:12,2017-03-25 02:59:12
218,1,116,76,Luke Dashjr,src/wallet/crypter.cpp,0b0fb562e07f5c72d3ff8ec241801f3cfeccfb24,modified,2015-09-22T00:43:11Z,2017-03-25 02:59:12,2017-03-25 02:59:12
219,1,116,76,Luke Dashjr,src/wallet/wallet.cpp,f412e471e256b373b793f7c240474781169b5213,modified,2015-09-22T00:43:11Z,2017-03-25 02:59:12,2017-03-25 02:59:12
220,1,117,76,Luke Dashjr,configure.ac,7e493c704b7f66cd7df90981fdc431a5c83c642e,modified,2015-09-22T00:43:11Z,2017-03-25 02:59:13,2017-03-25 02:59:13
221,1,118,76,Luke Dashjr,src/net.cpp,99e0ca9f75949813b6718ba50c2669f93ea32829,modified,2015-09-22T00:43:11Z,2017-03-25 02:59:13,2017-03-25 02:59:13
222,1,119,76,Luke Dashjr,src/init.cpp,e352d58ec4ea4cfcd7340e52180580c3d3025c15,modified,2015-09-22T00:43:12Z,2017-03-25 02:59:14,2017-03-25 02:59:14
223,1,120,76,Luke Dashjr,src/main.cpp,092bbe2e65270837eaa1301b7c9490149d6ae6f7,modified,2015-09-22T00:43:12Z,2017-03-25 02:59:14,2017-03-25 02:59:14
224,1,121,76,Luke Dashjr,qa/rpc-tests/test_framework/comptool.py,307563e96c4f4e07439efd65bf19edcb4f831c24,modified,2015-09-22T00:43:12Z,2017-03-25 03:00:25,2017-03-25 03:00:25
225,1,122,76,Luke Dashjr,src/test/alert_tests.cpp,73481dd802d471b2b6455bd5bc958c9065e046b9,modified,2015-09-22T00:43:12Z,2017-03-25 03:00:26,2017-03-25 03:00:26
226,1,123,76,Luke Dashjr,src/leveldbwrapper.cpp,26cacf95ae91909642f2babf208d8fc468d5d11b,modified,2015-09-22T00:43:13Z,2017-03-25 03:00:26,2017-03-25 03:00:26
227,1,124,76,Luke Dashjr,doc/files.md,ec767e0486da43e8a6b1f2ea17df061fe2ecf0f0,modified,2015-09-22T00:43:13Z,2017-03-25 03:00:27,2017-03-25 03:00:27
228,1,125,76,Luke Dashjr,src/scheduler.cpp,06115f5619753178f47f7e5a41f0208678f3f543,modified,2015-09-22T00:43:13Z,2017-03-25 03:00:27,2017-03-25 03:00:27
229,1,126,76,Luke Dashjr,src/Makefile.am,8de216c176c3a52694d224b67f682480a246532e,modified,2015-09-22T00:43:13Z,2017-03-25 03:01:39,2017-03-25 03:01:39
230,1,126,76,Luke Dashjr,src/Makefile.test.include,386911514e30dceb66d5f45dccc82b749e9e6cc2,modified,2015-09-22T00:43:13Z,2017-03-25 03:01:39,2017-03-25 03:01:39
231,1,126,76,Luke Dashjr,src/reverselock.h,567636e16afa78748be337c382ef2154f06f4607,added,2015-09-22T00:43:13Z,2017-03-25 03:01:39,2017-03-25 03:01:39
232,1,126,76,Luke Dashjr,src/scheduler.cpp,184ddc28abbff5f704f8af812451080051543e8a,modified,2015-09-22T00:43:13Z,2017-03-25 03:01:39,2017-03-25 03:01:39
233,1,126,76,Luke Dashjr,src/test/reverselock_tests.cpp,e7e627ae0f24eb072e1461891ef281006bf0146c,added,2015-09-22T00:43:13Z,2017-03-25 03:01:39,2017-03-25 03:01:39
234,1,127,76,Luke Dashjr,src/netbase.cpp,3fd779910a435c98b563cd0ffc63e1578469d435,modified,2015-09-22T00:43:14Z,2017-03-25 03:01:39,2017-03-25 03:01:39
235,1,128,76,Luke Dashjr,src/test/netbase_tests.cpp,40b32a7b3783774cbfe665499418052819c5563d,modified,2015-09-22T00:43:14Z,2017-03-25 03:01:40,2017-03-25 03:01:40
236,1,129,76,Luke Dashjr,src/net.cpp,d42c28141a017156e3f5b3334a22d87ec0419d09,modified,2015-09-22T00:43:14Z,2017-03-25 03:01:40,2017-03-25 03:01:40
237,1,130,76,Luke Dashjr,qa/pull-tester/rpc-tests.sh,97aecc5e3cb590fcece21cabf22e7ae13ea6f4e2,modified,2015-09-22T00:43:14Z,2017-03-25 03:01:41,2017-03-25 03:01:41
238,1,131,76,Luke Dashjr,contrib/debian/changelog,bd7ab3524c26e0dc37bf3098f48096a36f588466,modified,2015-09-22T00:43:15Z,2017-03-25 03:02:52,2017-03-25 03:02:52
239,1,131,76,Luke Dashjr,depends/config.guess,f357ec6c8f64c8d8726f5141cf38f30f230dd60a,modified,2015-09-22T00:43:15Z,2017-03-25 03:02:53,2017-03-25 03:02:53
240,1,131,76,Luke Dashjr,qa/rpc-tests/rest.py,15de0373607a2cef0bf2936a8d2ad6a35e22c4aa,modified,2015-09-22T00:43:15Z,2017-03-25 03:02:53,2017-03-25 03:02:53
241,1,131,76,Luke Dashjr,qa/rpc-tests/test_framework/comptool.py,24ae05807a4db4caa5c6e5d36e09208723076997,modified,2015-09-22T00:43:15Z,2017-03-25 03:02:53,2017-03-25 03:02:53
242,1,131,76,Luke Dashjr,src/addrman.h,2db1663997d1a5d11cc25e6e86bd5bdef8b57fc4,modified,2015-09-22T00:43:15Z,2017-03-25 03:02:53,2017-03-25 03:02:53
243,1,131,76,Luke Dashjr,src/main.cpp,0c4832f767eea85430e3cac533ff30211743ec05,modified,2015-09-22T00:43:15Z,2017-03-25 03:02:53,2017-03-25 03:02:53
244,1,131,76,Luke Dashjr,src/merkleblock.cpp,f8e877df25c906add02851d562c230d2a3f61b51,modified,2015-09-22T00:43:15Z,2017-03-25 03:02:53,2017-03-25 03:02:53
245,1,131,76,Luke Dashjr,src/netbase.cpp,e7b589767a508241cc709bfc5d58b2278e8a4b90,modified,2015-09-22T00:43:15Z,2017-03-25 03:02:53,2017-03-25 03:02:53
246,1,131,76,Luke Dashjr,src/policy/fees.cpp,ffe31d19425cc2984017bb9b10df83887697ab37,modified,2015-09-22T00:43:15Z,2017-03-25 03:02:53,2017-03-25 03:02:53
247,1,131,76,Luke Dashjr,src/policy/fees.h,15577d128a3ebf5db8e292ee0091d5afbc98c695,modified,2015-09-22T00:43:15Z,2017-03-25 03:02:53,2017-03-25 03:02:53
248,1,131,76,Luke Dashjr,src/qt/paymentserver.cpp,0e21d4e1f631bef7eab06dc803b915bf176058d7,modified,2015-09-22T00:43:15Z,2017-03-25 03:02:53,2017-03-25 03:02:53
249,1,131,76,Luke Dashjr,src/qt/rpcconsole.cpp,bdf2925fedd936bd1bc3497e394c593fcc50a5fc,modified,2015-09-22T00:43:15Z,2017-03-25 03:02:53,2017-03-25 03:02:53
250,1,131,76,Luke Dashjr,src/qt/splashscreen.cpp,c15b64c327f769afb7e26b1d4ec006d02bea0349,modified,2015-09-22T00:43:15Z,2017-03-25 03:02:53,2017-03-25 03:02:53
251,1,131,76,Luke Dashjr,src/rpcserver.cpp,824648464e09ace2555c94119bac6496bd550cf1,modified,2015-09-22T00:43:15Z,2017-03-25 03:02:53,2017-03-25 03:02:53
252,1,131,76,Luke Dashjr,src/sync.h,5c151653467671ff7bc7a5c8a4e0eec643f0904d,modified,2015-09-22T00:43:15Z,2017-03-25 03:02:53,2017-03-25 03:02:53
253,1,131,76,Luke Dashjr,src/wallet/rpcwallet.cpp,626997160a0baf51d0c248c731952143c4256273,modified,2015-09-22T00:43:15Z,2017-03-25 03:02:53,2017-03-25 03:02:53
254,1,132,76,Luke Dashjr,src/net.cpp,57efa3f79d512b92c508e5961b03c39426c149ba,modified,2015-09-22T00:43:15Z,2017-03-25 03:02:53,2017-03-25 03:02:53
255,1,133,77,Luke Dashjr,Makefile.am,470d0574cc62769ab33b6f167e99a98413c8e544,modified,2015-09-21T05:21:29Z,2017-03-25 03:02:53,2017-03-25 03:02:53
256,1,134,77,Luke Dashjr,src/bitcoin-tx.cpp,3aa2211f978b85bb821e795ea7be81503061c118,modified,2015-09-21T05:21:29Z,2017-03-25 03:02:54,2017-03-25 03:02:54
257,1,135,77,Luke Dashjr,configure.ac,4c247a8a30c22b5190a34f81553fe9838f57099a,modified,2015-09-21T05:21:30Z,2017-03-25 03:02:54,2017-03-25 03:02:54
258,1,136,77,Luke Dashjr,src/test/alert_tests.cpp,2febbcd757182ceed6b5f20a85cbd1cb50900742,modified,2015-09-21T05:21:30Z,2017-03-25 03:04:05,2017-03-25 03:04:05
259,1,137,77,Luke Dashjr,src/leveldbwrapper.cpp,1f674a91df02c7189f6ace5ba7989d27b7c4a7b5,modified,2015-09-21T05:21:30Z,2017-03-25 03:04:06,2017-03-25 03:04:06
260,1,138,77,Luke Dashjr,src/net.cpp,f18c903aea6822691750c05c0ff3c590d1406ca1,modified,2015-09-21T05:21:30Z,2017-03-25 03:04:06,2017-03-25 03:04:06
261,1,139,77,Luke Dashjr,doc/files.md,ec767e0486da43e8a6b1f2ea17df061fe2ecf0f0,modified,2015-09-21T05:21:31Z,2017-03-25 03:04:07,2017-03-25 03:04:07
262,1,140,77,Luke Dashjr,src/netbase.cpp,6465ca61a21e6f4b93eb235013df73352712aed5,modified,2015-09-21T05:21:31Z,2017-03-25 03:04:07,2017-03-25 03:04:07
263,1,141,77,Luke Dashjr,src/test/netbase_tests.cpp,fc8954ce75b2ac4b7b525633ac806260fc71a150,modified,2015-09-21T05:21:31Z,2017-03-25 03:05:18,2017-03-25 03:05:18
264,1,142,77,Luke Dashjr,src/net.cpp,80cecd072474679b603c3b7bc2bc0cdb2f447f31,modified,2015-09-21T05:21:31Z,2017-03-25 03:05:19,2017-03-25 03:05:19
265,1,143,77,Luke Dashjr,contrib/debian/changelog,d1683f420b26f35003d99641591ae9384b7853d6,modified,2015-09-21T05:21:32Z,2017-03-25 03:05:19,2017-03-25 03:05:19
266,1,143,77,Luke Dashjr,depends/config.guess,553731934eb73728ee8f3077a22b3ebc780cf2cd,modified,2015-09-21T05:21:32Z,2017-03-25 03:05:19,2017-03-25 03:05:19
267,1,143,77,Luke Dashjr,src/addrman.h,99debbd527ce2cb29a1b08177d8e6124c94d9374,modified,2015-09-21T05:21:32Z,2017-03-25 03:05:19,2017-03-25 03:05:19
268,1,143,77,Luke Dashjr,src/main.cpp,b395b53d94421dbf40849e64747b0f393312d27a,modified,2015-09-21T05:21:32Z,2017-03-25 03:05:19,2017-03-25 03:05:19
269,1,143,77,Luke Dashjr,src/merkleblock.cpp,0af5c6839ef4fbaeb5e81d0ba6136b7f5ae58788,modified,2015-09-21T05:21:32Z,2017-03-25 03:05:19,2017-03-25 03:05:19
270,1,143,77,Luke Dashjr,src/qt/paymentserver.cpp,8a39beb1f5e34ca810eb98227d767238843d4cc3,modified,2015-09-21T05:21:32Z,2017-03-25 03:05:19,2017-03-25 03:05:19
271,1,143,77,Luke Dashjr,src/qt/rpcconsole.cpp,1d7f10b49b3d0898dfcd27599558359ad102c63d,modified,2015-09-21T05:21:32Z,2017-03-25 03:05:19,2017-03-25 03:05:19
272,1,143,77,Luke Dashjr,src/rpcserver.cpp,41fc274eef0ba2ca8ef7f4094a0f563a94196478,modified,2015-09-21T05:21:32Z,2017-03-25 03:05:19,2017-03-25 03:05:19
273,1,143,77,Luke Dashjr,src/rpcwallet.cpp,2f352ba296ee2958d1cf142dcd95309b511056b0,modified,2015-09-21T05:21:32Z,2017-03-25 03:05:19,2017-03-25 03:05:19
274,1,143,77,Luke Dashjr,src/sync.h,93d72f84a4fee8b5bff229c1a8986f08c0ae98da,modified,2015-09-21T05:21:32Z,2017-03-25 03:05:19,2017-03-25 03:05:19
275,1,144,77,Luke Dashjr,src/net.cpp,5b79812def3e5f3c0b123e8737d32a8acc2cc52d,modified,2015-09-21T05:21:32Z,2017-03-25 03:05:20,2017-03-25 03:05:20
276,1,145,77,Luke Dashjr,qa/pull-tester/rpc-tests.sh,2a7fbff143f3c1e6a15e7b908182f5d776f2cb1c,modified,2015-09-21T05:21:32Z,2017-03-25 03:05:20,2017-03-25 03:05:20
277,1,146,77,Luke Dashjr,.travis.yml,06dd4c6aaabf1139d68a7c3c12f11adb2a8f208d,modified,2015-09-21T16:01:24Z,2017-03-25 03:06:31,2017-03-25 03:06:31
278,1,147,78,Suhas Daftuar,qa/rpc-tests/mempool_packages.py,6bc6e43f0b4369c05a841fa7efd72f41875217a8,modified,2015-09-23T19:12:19Z,2017-03-25 03:06:32,2017-03-25 03:06:32
279,1,148,78,Suhas Daftuar,src/txmempool.cpp,1370cab0c05e97413014a7396789c13b474cb0e1,modified,2015-09-23T19:30:41Z,2017-03-25 03:06:32,2017-03-25 03:06:32
280,1,148,78,Suhas Daftuar,src/txmempool.h,c0eef0dd222aef31d19cd554b9c99ccfba62057e,modified,2015-09-23T19:30:41Z,2017-03-25 03:06:32,2017-03-25 03:06:32
281,1,149,79,James O'Beirne,src/leveldbwrapper.cpp,a94cfd8a305a90e05015982176cea119b95c3b97,modified,2015-10-08T16:32:27Z,2017-03-25 03:06:33,2017-03-25 03:06:33
282,1,149,79,James O'Beirne,src/leveldbwrapper.h,ece4e4969409f69c1f5be94d2c083eb83bc534e3,modified,2015-10-08T16:32:27Z,2017-03-25 03:06:33,2017-03-25 03:06:33
283,1,149,79,James O'Beirne,src/txdb.cpp,3d20508912ea1dea8ed8b2ee6c7ca0444e0d2109,modified,2015-10-08T16:32:27Z,2017-03-25 03:06:33,2017-03-25 03:06:33
284,1,150,79,James O'Beirne,src/leveldbwrapper.cpp,32c9345be5c5e10c92c5183a91ef403a60877d19,modified,2015-10-08T16:32:27Z,2017-03-25 03:06:33,2017-03-25 03:06:33
285,1,150,79,James O'Beirne,src/leveldbwrapper.h,891381c5f2f0d96491ee11f07a6b520a28da4264,modified,2015-10-08T16:32:27Z,2017-03-25 03:06:33,2017-03-25 03:06:33
286,1,150,79,James O'Beirne,src/txdb.cpp,4d7ec27aaec5454590ab453c210f9d5ca6de96ac,modified,2015-10-08T16:32:27Z,2017-03-25 03:06:33,2017-03-25 03:06:33
287,1,151,79,James O'Beirne,qa/pull-tester/rpc-tests.py,db97767272b406374792299467f5136c3edf0e4a,modified,2015-10-09T17:56:39Z,2017-03-25 03:07:44,2017-03-25 03:07:44
288,1,151,79,James O'Beirne,qa/rpc-tests/blockchain.py,a5c98b777e0d42f900253dd68c614037f592b8c4,added,2015-10-09T17:56:39Z,2017-03-25 03:07:44,2017-03-25 03:07:44
289,1,151,79,James O'Beirne,src/test/leveldbwrapper_tests.cpp,36975548c2119bc662203660c2180ec083968ebb,modified,2015-10-09T17:56:39Z,2017-03-25 03:07:44,2017-03-25 03:07:44
290,1,152,79,James O'Beirne,src/leveldbwrapper.h,60101e18cc03e67aba6a4058fea0c8533c713902,modified,2015-10-09T17:56:48Z,2017-03-25 03:07:45,2017-03-25 03:07:45
291,1,152,79,James O'Beirne,src/test/leveldbwrapper_tests.cpp,606313b00453ff7e3b7c6e5f2f01d4fe366dcff6,modified,2015-10-09T17:56:48Z,2017-03-25 03:07:45,2017-03-25 03:07:45
292,1,152,79,James O'Beirne,src/txdb.cpp,5723c92440196a43447975e8537605428c4be7ca,modified,2015-10-09T17:56:48Z,2017-03-25 03:07:45,2017-03-25 03:07:45
293,1,153,80,Jonas Schnelli,src/txmempool.cpp,efa5c8f7a3eb2742324e3a8932f2183de6be1fef,modified,2015-10-26T13:58:17Z,2017-03-25 03:07:45,2017-03-25 03:07:45
294,1,153,80,Jonas Schnelli,src/txmempool.h,dedc7ba72c567c938e5023a59ccf35da9f6b8f80,modified,2015-10-26T13:58:17Z,2017-03-25 03:07:45,2017-03-25 03:07:45
295,1,154,81,Wladimir J. van der Laan,qa/pull-tester/rpc-tests.py,c23dcbdb7c7a4c2057a4395b5dc7e1c9e33f8a5b,modified,2015-11-09T07:44:19Z,2017-03-25 03:07:46,2017-03-25 03:07:46
296,1,154,81,Wladimir J. van der Laan,qa/rpc-tests/disablewallet.py,4cb01575e2805ec69b0cdc2fb440f30b70a56810,added,2015-11-09T07:44:19Z,2017-03-25 03:07:46,2017-03-25 03:07:46
297,1,154,81,Wladimir J. van der Laan,src/rpcmisc.cpp,0c656d5cf15483863215091e630109997cb5f6ab,modified,2015-11-09T07:44:19Z,2017-03-25 03:07:46,2017-03-25 03:07:46
298,1,155,82,MarcoFalke,src/wallet/wallet.cpp,b062226dd9cf0c1b895a8308e06cc37bba684b46,modified,2015-11-28T21:51:41Z,2017-03-25 03:07:46,2017-03-25 03:07:46
299,1,156,82,MarcoFalke,qa/rpc-tests/test_framework/util.py,d9d5129f210399d88735d805d8451de08a262942,modified,2015-11-28T21:52:13Z,2017-03-25 03:08:57,2017-03-25 03:08:57
300,1,156,82,MarcoFalke,qa/rpc-tests/wallet.py,6f6bc3189527e667b56c4e66cc776e6e5311fd77,modified,2015-11-28T21:52:13Z,2017-03-25 03:08:57,2017-03-25 03:08:57
301,1,157,83,Pieter Wuille,doc/release-notes.md,96c830d177eef79358e093935ebed61e48223d98,modified,2015-11-29T12:24:02Z,2017-03-25 03:08:58,2017-03-25 03:08:58
302,1,157,83,Pieter Wuille,qa/rpc-tests/txn_clone.py,b1f603a1924452836fd4ff30ba25c438d894a729,modified,2015-11-29T12:24:02Z,2017-03-25 03:08:58,2017-03-25 03:08:58
303,1,157,83,Pieter Wuille,qa/rpc-tests/txn_doublespend.py,d4665b3d4217cff5ec138c72a46f4920e0324ba8,modified,2015-11-29T12:24:02Z,2017-03-25 03:08:58,2017-03-25 03:08:58
304,1,157,83,Pieter Wuille,src/wallet/rpcwallet.cpp,a4ab2248a518c22cb0b113dfaa1950c191487e40,modified,2015-11-29T12:24:02Z,2017-03-25 03:08:58,2017-03-25 03:08:58
305,1,157,83,Pieter Wuille,src/wallet/wallet.cpp,57a41ec6656cd8468a44a195526520e9343c7173,modified,2015-11-29T12:24:02Z,2017-03-25 03:08:58,2017-03-25 03:08:58
306,1,157,83,Pieter Wuille,src/wallet/wallet.h,bc6e40ab98760e8b66b8dd63670dd644a2da3cb3,modified,2015-11-29T12:24:02Z,2017-03-25 03:08:58,2017-03-25 03:08:58
307,1,158,84,MarcoFalke,src/wallet/db.cpp,50b0f40a6aefd342bd818fee40c2ecf4881246e6,modified,2016-01-20T08:44:53Z,2017-03-25 03:08:58,2017-03-25 03:08:58
308,1,159,85,Ethan Heilman,src/Makefile.test.include,edeca6b28c2e28766514bfe794e0a7b30a6233e0,modified,2016-05-04T22:55:01Z,2017-03-25 03:08:59,2017-03-25 03:08:59
309,1,159,85,Ethan Heilman,src/net.cpp,cf53816034c15e8cfb73326419ba876e3fde08c2,modified,2016-05-04T22:55:01Z,2017-03-25 03:08:59,2017-03-25 03:08:59
310,1,159,85,Ethan Heilman,src/net.h,dfa270544f22fd26ec7765dbae5fefbad5ba6b16,modified,2016-05-04T22:55:01Z,2017-03-25 03:08:59,2017-03-25 03:08:59
311,1,159,85,Ethan Heilman,src/test/net_tests.cpp,6debf6ac5e168eb6d95853689ccb059cf981a04e,added,2016-05-04T22:55:01Z,2017-03-25 03:08:59,2017-03-25 03:08:59
312,1,160,86,BtcDrak,src/init.cpp,a712ffcac648b244192ba3b167271ae711161c61,modified,2016-03-31T19:50:54Z,2017-03-25 03:09:00,2017-03-25 03:09:00
313,1,161,87,Pieter Wuille,src/script/interpreter.cpp,fd4a5674cfea111c56e38921eed4c5623ef6aeac,modified,2016-04-25T12:22:30Z,2017-03-25 03:10:11,2017-03-25 03:10:11
314,1,161,87,Pieter Wuille,src/script/script.h,68cde03e34543ad35957cacf0beb4224772ae4bd,modified,2016-04-25T12:22:30Z,2017-03-25 03:10:11,2017-03-25 03:10:11
315,1,162,87,Pieter Wuille,src/script/script.h,2a338d6f5ccbf10eeda54fc7b8c7ada060d4ab86,modified,2016-04-25T12:22:30Z,2017-03-25 03:10:12,2017-03-25 03:10:12
316,1,163,87,Pieter Wuille,src/compressor.h,fa702f0dfa900fb5e695555d911b3ae10479c267,modified,2016-04-25T12:42:07Z,2017-03-25 03:10:12,2017-03-25 03:10:12
317,1,163,87,Pieter Wuille,src/streams.h,ed14f3f4121727c57c4ab0f3e6366f20c493d4f5,modified,2016-04-25T12:42:07Z,2017-03-25 03:10:12,2017-03-25 03:10:12
318,1,164,87,Pieter Wuille,src/streams.h,a50fe4e859d7720f675b749e43f37aa8653174ca,modified,2016-04-25T12:42:07Z,2017-03-25 03:10:13,2017-03-25 03:10:13
319,1,165,87,Pieter Wuille,src/test/coins_tests.cpp,129ce04e0bca18cd0c19e65b4c92eec7a30fccc3,modified,2016-04-25T12:42:07Z,2017-03-25 03:10:13,2017-03-25 03:10:13
320,1,166,88,Chirag Davé,src/init.cpp,a9b3f88a32b8f86d659f8225129cc68033dfadc2,modified,2016-05-09T15:20:58Z,2017-03-25 03:11:24,2017-03-25 03:11:24
321,1,166,88,Chirag Davé,src/util.cpp,579be338e617c19d8b1670cce7b8ef3262eea18f,modified,2016-05-09T15:20:58Z,2017-03-25 03:11:24,2017-03-25 03:11:24
322,1,166,88,Chirag Davé,src/util.h,33db0f9e4acda333d83cdbeca4ceaa1fa39db228,modified,2016-05-09T15:20:58Z,2017-03-25 03:11:24,2017-03-25 03:11:24
323,1,167,89,GitHub,src/qt/winshutdownmonitor.cpp,a11da50588262149ac10b4a1104ef47538d7102a,modified,2016-06-20T17:46:59Z,2017-03-25 03:11:25,2017-03-25 03:11:25
324,1,168,90,fsb4000,src/qt/transactionview.cpp,48cf94050297baa4a18c20da0d95f850b61fe239,modified,2016-06-24T11:08:32Z,2017-03-25 03:11:25,2017-03-25 03:11:25
325,1,169,91,Wladimir J. van der Laan,src/qt/bitcoin.cpp,430e6dd0e8df85928a998583f843042e3e1f814f,modified,2016-08-18T14:58:25Z,2017-03-25 03:11:26,2017-03-25 03:11:26
326,1,169,91,Wladimir J. van der Laan,src/qt/intro.cpp,6a5740e21d3cbca28748bf5ec07f84e88df6fe95,modified,2016-08-18T14:58:25Z,2017-03-25 03:11:26,2017-03-25 03:11:26
327,1,169,91,Wladimir J. van der Laan,src/qt/intro.h,ee768a7ad8d1df3049839e2673d9b2583854780f,modified,2016-08-18T14:58:25Z,2017-03-25 03:11:26,2017-03-25 03:11:26
328,1,170,92,Robert McLaughlin,src/bloom.cpp,d00befc61ca686528cfbba282f2bceb25773887b,modified,2016-11-02T01:04:26Z,2017-03-25 03:11:26,2017-03-25 03:11:26
329,1,171,93,Matt Corallo,src/init.cpp,377d196f2b8744f9deb0e6bc190a502d41b1ac54,modified,2016-12-01T02:56:08Z,2017-03-25 03:12:37,2017-03-25 03:12:37
330,1,172,94,Pieter Wuille,src/net_processing.cpp,5a415cabbdc06c2b89abe29550127e3685cfc3dc,modified,2016-12-05T08:35:07Z,2017-03-25 03:12:38,2017-03-25 03:12:38
331,1,172,94,Pieter Wuille,src/test/DoS_tests.cpp,a8c3c4ebb9c3299d0a378c48a7f72a3a4f73b36c,modified,2016-12-05T08:35:07Z,2017-03-25 03:12:38,2017-03-25 03:12:38
332,1,173,95,Pieter Wuille,src/wallet/wallet.cpp,11ce06c99dad60c19dab1f055a54c315b8290096,modified,2016-12-08T19:55:32Z,2017-03-25 03:12:38,2017-03-25 03:12:38
333,1,174,96,Alex Morcos,src/validation.cpp,9c06a3d9401591c900f9187d802c179002d53e00,modified,2017-01-10T21:53:10Z,2017-03-25 03:12:39,2017-03-25 03:12:39
334,1,175,97,Matt Corallo,src/httpserver.cpp,e1763c6ad276ca3b00b4a707f7b8a8af2d90bbc4,modified,2017-02-03T18:50:17Z,2017-03-25 03:12:39,2017-03-25 03:12:39
335,1,176,98,John Newbery,src/script/sigcache.cpp,ce296940617b687d9c75d55e6519388ec7e589e1,modified,2017-02-15T19:19:16Z,2017-03-25 03:13:50,2017-03-25 03:13:50
336,1,177,98,John Newbery,src/script/sigcache.cpp,657584fa85c7e9f65f21cd4b8928ec2ac7d091d0,modified,2017-02-16T14:41:00Z,2017-03-25 03:13:51,2017-03-25 03:13:51
337,1,178,98,John Newbery,src/script/sigcache.cpp,6f364e42d13d8c220e8f4cd9c5e4c33374782054,modified,2017-02-16T14:43:08Z,2017-03-25 03:13:52,2017-03-25 03:13:52
338,1,178,98,John Newbery,src/script/sigcache.h,238952bb954df1daaa9af91a36f32d2d23d26b66,modified,2017-02-16T14:43:08Z,2017-03-25 03:13:52,2017-03-25 03:13:52
339,1,179,99,Russell Yanofsky,src/wallet/rpcdump.cpp,20a3cbda1e78bcc0646082ba9d1c3001fca77c4e,modified,2017-02-27T12:38:51Z,2017-03-25 03:13:52,2017-03-25 03:13:52
340,1,179,99,Russell Yanofsky,src/wallet/test/wallet_tests.cpp,7ac2112dd29e707a4d723c37aea61224b2860265,modified,2017-02-27T12:38:51Z,2017-03-25 03:13:52,2017-03-25 03:13:52
341,1,180,100,Russell Yanofsky,src/qt/test/wallettests.cpp,118b54e8de2937e205f569d6f17f3aa2e624d111,modified,2017-03-20T16:27:07Z,2017-03-25 03:13:53,2017-03-25 03:13:53
342,1,181,100,Russell Yanofsky,src/qt/test/wallettests.cpp,36d93361ddc227bdc890c805448ef7cbd1668d27,modified,2017-03-20T16:35:37Z,2017-03-25 03:15:04,2017-03-25 03:15:04
